<?xml version="1.0"?>
<!-- Smack configuration file. -->
<smack>
    <!-- Classes that will be loaded when Smack starts -->
    <startupClasses>
        <className>org.jivesoftware.smack.initializer.VmArgInitializer</className>
        <className>org.jivesoftware.smack.ReconnectionManager</className>
    </startupClasses>

    <optionalStartupClasses>
        <className>org.jivesoftware.smack.util.dns.JavaxResolver</className>
        <className>org.jivesoftware.smackx.ExtensionsProviderInitializer</className>
        <className>org.jivesoftware.smackx.ExtensionsStartupClasses</className>
        <className>org.jivesoftware.smackx.ExperimentalProviderInitializer</className>
        <className>org.jivesoftware.smackx.ExperimentalStartupClasses</className>
        <className>org.jivesoftware.smackx.WorkgroupProviderInitializer</className>
        <className>org.jivesoftware.smackx.LegacyProviderInitializer</className>
    </optionalStartupClasses>
</smack>
